-- phpMyAdmin SQL Dump
-- version 5.2.0
-- https://www.phpmyadmin.net/
--
-- Host: 127.0.0.1
-- Generation Time: Jul 13, 2022 at 03:30 PM
-- Server version: 10.4.24-MariaDB
-- PHP Version: 8.1.6

SET SQL_MODE = "NO_AUTO_VALUE_ON_ZERO";
START TRANSACTION;
SET time_zone = "+00:00";


/*!40101 SET @OLD_CHARACTER_SET_CLIENT=@@CHARACTER_SET_CLIENT */;
/*!40101 SET @OLD_CHARACTER_SET_RESULTS=@@CHARACTER_SET_RESULTS */;
/*!40101 SET @OLD_COLLATION_CONNECTION=@@COLLATION_CONNECTION */;
/*!40101 SET NAMES utf8mb4 */;

--
-- Database: `penjualan`
--

-- --------------------------------------------------------

--
-- Table structure for table `barang`
--

CREATE TABLE `barang` (
  `id_barang` int(11) NOT NULL,
  `nama_barang` varchar(20) NOT NULL,
  `harga` int(11) DEFAULT NULL,
  `stok` int(11) DEFAULT NULL,
  `id_supplier` int(11) NOT NULL
) ENGINE=InnoDB DEFAULT CHARSET=latin1;

--
-- Dumping data for table `barang`
--

INSERT INTO `barang` (`id_barang`, `nama_barang`, `harga`, `stok`, `id_supplier`) VALUES
(1, 'Sepatu', 250000, 10, 2),
(2, 'Tas', 175000, 20, 2),
(3, 'Topi', 45000, 30, 9),
(4, 'Kaos', 88000, 10, 3),
(5, 'Celana', 96000, 40, 3),
(6, 'Meja', 350000, 20, 10),
(7, 'Kursi', 250000, 20, 1),
(8, 'Lemari', 45000, 50, 4),
(9, 'Kaos Kaki', 23000, 10, 6),
(10, 'Buku', 17000, 30, 5),
(11, 'Kaca Mata', 85000, 10, 2),
(12, 'Jam Tangan', 175000, 20, 7),
(13, 'Sendal', 23500, 20, 6),
(14, 'Kemeja', 125000, 23, 8);

-- --------------------------------------------------------

--
-- Table structure for table `pembayaran`
--

CREATE TABLE `pembayaran` (
  `id_pembayaran` int(11) NOT NULL,
  `tgl_bayar` date NOT NULL,
  `total_bayar` int(11) NOT NULL,
  `id_transaksi` int(11) NOT NULL
) ENGINE=InnoDB DEFAULT CHARSET=latin1;

--
-- Dumping data for table `pembayaran`
--

INSERT INTO `pembayaran` (`id_pembayaran`, `tgl_bayar`, `total_bayar`, `id_transaksi`) VALUES
(1, '2022-05-03', 17000, 2),
(2, '2022-07-05', 96000, 1),
(3, '2022-06-16', 88000, 3),
(4, '2022-07-09', 85000, 4),
(5, '2022-07-04', 17000, 5);

-- --------------------------------------------------------

--
-- Table structure for table `pembeli`
--

CREATE TABLE `pembeli` (
  `id_pembeli` int(11) NOT NULL,
  `nama_pembeli` varchar(30) NOT NULL,
  `jk` char(1) NOT NULL,
  `no_telp` char(14) NOT NULL,
  `alamat` varchar(50) NOT NULL
) ENGINE=InnoDB DEFAULT CHARSET=latin1;

--
-- Dumping data for table `pembeli`
--

INSERT INTO `pembeli` (`id_pembeli`, `nama_pembeli`, `jk`, `no_telp`, `alamat`) VALUES
(1, 'bambang', 'L', '081992459983', 'samirono'),
(2, 'kurniawan', 'L', '081922453983', 'iromejan'),
(3, 'putri', 'P', '081922253231', 'sagan'),
(4, 'sandro', 'L', '081322453733', 'kepuh'),
(5, 'santi', 'P', '081362458748', 'iromejan');

-- --------------------------------------------------------

--
-- Table structure for table `supplier`
--

CREATE TABLE `supplier` (
  `id_supplier` int(11) NOT NULL,
  `nama_supplier` varchar(30) NOT NULL,
  `no_telp` char(13) NOT NULL,
  `alamat` varchar(100) NOT NULL
) ENGINE=InnoDB DEFAULT CHARSET=latin1;

--
-- Dumping data for table `supplier`
--

INSERT INTO `supplier` (`id_supplier`, `nama_supplier`, `no_telp`, `alamat`) VALUES
(1, 'sindi', '081342457748', 'jakarta'),
(2, 'santoso', '081332452782', 'klaten'),
(5, 'sigit', '081679439283', 'jakarta'),
(7, 'krisna', '081962453085', 'semarang'),
(8, 'rehan', '081932263231', 'solo');

-- --------------------------------------------------------

--
-- Table structure for table `transaksi`
--

CREATE TABLE `transaksi` (
  `id_transaksi` int(11) NOT NULL,
  `id_barang` int(11) NOT NULL,
  `id_pembeli` int(11) NOT NULL,
  `tanggal` date NOT NULL,
  `keterangan` varchar(100) DEFAULT NULL
) ENGINE=InnoDB DEFAULT CHARSET=latin1;

--
-- Dumping data for table `transaksi`
--

INSERT INTO `transaksi` (`id_transaksi`, `id_barang`, `id_pembeli`, `tanggal`, `keterangan`) VALUES
(1, 10, 1, '2022-07-05', NULL),
(2, 5, 2, '2022-05-03', NULL),
(3, 4, 5, '2022-06-16', NULL),
(4, 11, 1, '2022-07-09', NULL),
(5, 10, 3, '2022-07-04', NULL);

--
-- Indexes for dumped tables
--

--
-- Indexes for table `barang`
--
ALTER TABLE `barang`
  ADD PRIMARY KEY (`id_barang`),
  ADD KEY `id_supplier` (`id_supplier`);

--
-- Indexes for table `pembayaran`
--
ALTER TABLE `pembayaran`
  ADD PRIMARY KEY (`id_pembayaran`),
  ADD KEY `id_transaksi` (`id_transaksi`);

--
-- Indexes for table `pembeli`
--
ALTER TABLE `pembeli`
  ADD PRIMARY KEY (`id_pembeli`);

--
-- Indexes for table `supplier`
--
ALTER TABLE `supplier`
  ADD PRIMARY KEY (`id_supplier`);

--
-- Indexes for table `transaksi`
--
ALTER TABLE `transaksi`
  ADD PRIMARY KEY (`id_transaksi`),
  ADD KEY `id_barang` (`id_barang`),
  ADD KEY `id_pembeli` (`id_pembeli`);

--
-- AUTO_INCREMENT for dumped tables
--

--
-- AUTO_INCREMENT for table `barang`
--
ALTER TABLE `barang`
  MODIFY `id_barang` int(11) NOT NULL AUTO_INCREMENT, AUTO_INCREMENT=78;

--
-- AUTO_INCREMENT for table `pembayaran`
--
ALTER TABLE `pembayaran`
  MODIFY `id_pembayaran` int(11) NOT NULL AUTO_INCREMENT, AUTO_INCREMENT=6;

--
-- AUTO_INCREMENT for table `pembeli`
--
ALTER TABLE `pembeli`
  MODIFY `id_pembeli` int(11) NOT NULL AUTO_INCREMENT, AUTO_INCREMENT=6;

--
-- AUTO_INCREMENT for table `supplier`
--
ALTER TABLE `supplier`
  MODIFY `id_supplier` int(11) NOT NULL AUTO_INCREMENT, AUTO_INCREMENT=9;

--
-- AUTO_INCREMENT for table `transaksi`
--
ALTER TABLE `transaksi`
  MODIFY `id_transaksi` int(11) NOT NULL AUTO_INCREMENT, AUTO_INCREMENT=6;

--
-- Constraints for dumped tables
--

--
-- Constraints for table `pembayaran`
--
ALTER TABLE `pembayaran`
  ADD CONSTRAINT `pembayaran_ibfk_1` FOREIGN KEY (`id_transaksi`) REFERENCES `transaksi` (`id_transaksi`);

--
-- Constraints for table `supplier`
--
ALTER TABLE `supplier`
  ADD CONSTRAINT `supplier_ibfk_1` FOREIGN KEY (`id_supplier`) REFERENCES `barang` (`id_supplier`);

--
-- Constraints for table `transaksi`
--
ALTER TABLE `transaksi`
  ADD CONSTRAINT `transaksi_ibfk_1` FOREIGN KEY (`id_barang`) REFERENCES `barang` (`id_barang`),
  ADD CONSTRAINT `transaksi_ibfk_2` FOREIGN KEY (`id_pembeli`) REFERENCES `pembeli` (`id_pembeli`);
COMMIT;

/*!40101 SET CHARACTER_SET_CLIENT=@OLD_CHARACTER_SET_CLIENT */;
/*!40101 SET CHARACTER_SET_RESULTS=@OLD_CHARACTER_SET_RESULTS */;
/*!40101 SET COLLATION_CONNECTION=@OLD_COLLATION_CONNECTION */;
